Title,Media URL,Pinterest board,Thumbnail,Description,Link,Publish date,Keywords
Neurodiversity-Affirming IEP Accommodations,https://allagilejobs-jpg.github.io/SU/content/pinterest/pin-01-iep-accommodations.png,IEP Tips & School Advocacy,,"Your child's IEP shouldn't teach them to mask. Save this checklist of sensory, communication, academic, and social accommodations for your next IEP meeting. Real support for autistic learners.",https://www.spectrumunlocked.com/blog/iep-rights-schools-wont-tell-you,,
Meltdown vs Tantrum: Know the Difference,https://allagilejobs-jpg.github.io/SU/content/pinterest/pin-02-meltdown-vs-tantrum.png,Autism Parenting Real Talk,,"They look similar but need completely different responses. Learn what a meltdown really is, how it differs from a tantrum, and exactly what to do (and avoid) to help your child. Must-save for autism parents.",https://www.spectrumunlocked.com/blog/autism-meltdown-vs-tantrum,,
5 Sensory Hacks That Actually Work,https://allagilejobs-jpg.github.io/SU/content/pinterest/pin-03-sensory-hacks.png,Sensory Activities & Regulation,,"OT-approved sensory tools for meltdown prevention. Noise-canceling headphones, sunglasses indoors, fidgets, visual timers, and calm-down corners. Simple, effective, no expensive equipment needed.",https://www.spectrumunlocked.com/blog/sensory-diet-beginners-guide,,
Sleep Issues in Autism: What Actually Helps,https://allagilejobs-jpg.github.io/SU/content/pinterest/pin-04-sleep-strategies.png,Autism Parenting Real Talk,,"50-80% of autistic kids have sleep problems. This guide covers why sleep is harder, environment fixes (blackout curtains, white noise, weighted blankets), and routines that work. Save for exhausted nights.",https://www.spectrumunlocked.com/blog/autism-sleep-strategies,,
Signs of Masking in Autism,https://allagilejobs-jpg.github.io/SU/content/pinterest/pin-05-signs-of-masking.png,Autism Parenting Real Talk,,"""They look fine. They're falling apart inside."" Learn what masking is, the 6 signs someone is high-masking, and the real cost of performing ""normal."" You shouldn't have to mask to be accepted.",https://www.spectrumunlocked.com/,,
Potty Training an Autistic Child: A Different Timeline,https://allagilejobs-jpg.github.io/SU/content/pinterest/pin-06-potty-training.png,Autism Parenting Real Talk,,"Forget milestone charts. Learn why autistic kids train on a different timeline, readiness signs to look for, and autism-friendly strategies that actually work. No pressure, no shame. Your child will get there.",https://www.spectrumunlocked.com/blog/autism-potty-training-readiness-guide,,
AuDHD: When Autism Meets ADHD,https://allagilejobs-jpg.github.io/SU/content/pinterest/pin-07-audhd.png,Autism Parenting Real Talk,,"50-70% of autistic people also have ADHD traits. This guide shows the internal tug-of-war (routine vs novelty), common AuDHD experiences, and the superpowers that come with it. Your brain isn't broken.",https://www.spectrumunlocked.com/,,
Autism in Girls: Why They're Often Missed,https://allagilejobs-jpg.github.io/SU/content/pinterest/pin-08-autism-in-girls.png,Autism Parenting Real Talk,,"Girls mask better, get misdiagnosed as anxious, and struggle silently. Learn why the diagnostic criteria misses them and the 8 signs to look for. The real ratio may be 1:1. Share this - it might change a life.",https://www.spectrumunlocked.com/,,
AAC: Communication for Nonverbal Children,https://allagilejobs-jpg.github.io/SU/content/pinterest/pin-09-aac-communication.png,Autism Resources for Parents,,"Not speaking doesn't mean not communicating. This guide covers AAC options (high-tech, low-tech, sign), how to support success, and myths busted. AAC does NOT prevent speech. Communication is a right.",https://www.spectrumunlocked.com/blog/aac-for-beginners,,
Autism & Anxiety: The Hidden Connection,https://allagilejobs-jpg.github.io/SU/content/pinterest/pin-10-anxiety-autism.png,Autism Resources for Parents,,"40-80% of autistic people have clinical anxiety. Learn the common triggers (sensory overload, unexpected changes, social uncertainty), what actually helps, and red flags that need professional support.",https://www.spectrumunlocked.com/,,
5 Things I Wish I Knew After My Child's Diagnosis,https://allagilejobs-jpg.github.io/SU/content/pinterest/pin-11-5-things-diagnosis.png,Autism Diagnosis & Getting Started,,"The advice every newly diagnosed autism parent needs: therapy waitlists are long, your pediatrician isn't the expert, IEPs are negotiable, other parents become your village, and your child is still amazing.",https://www.spectrumunlocked.com/blog/diagnosed-now-what,,
Visual Supports That Actually Work,https://allagilejobs-jpg.github.io/SU/content/pinterest/pin-12-visual-supports.png,Visual Schedules & Daily Routines,,"Tools to reduce anxiety and increase independence: visual schedules, timers, first-then boards, choice boards, social stories, and break cards. Pro tip: Keep visuals consistent across home, school, and therapy.",https://www.spectrumunlocked.com/blog/visual-schedule-guide,,
Self-Care for Autism Parents (Not Bubble Baths),https://allagilejobs-jpg.github.io/SU/content/pinterest/pin-13-self-care-parents.png,Autism Resources for Parents,,"Real micro self-care that works: the hot coffee rule, parking lot pause, sensory reset with headphones, sleep when possible. Plus how to find your people. You can't pour from an empty cup.",https://www.spectrumunlocked.com/blog/self-care-autism-parents,,
Glass Child Syndrome: The Siblings Who Fade,https://allagilejobs-jpg.github.io/SU/content/pinterest/pin-14-glass-child.png,Autism Parenting Real Talk,,"Is your neurotypical child becoming invisible? Learn the warning signs that a sibling is becoming a ""glass child"" and practical ways to help every child in your family feel seen and valued.",https://www.spectrumunlocked.com/blog/autism-sibling-support,,
Autistic Burnout: Signs in Kids AND Adults,https://allagilejobs-jpg.github.io/SU/content/pinterest/pin-15-autistic-burnout.png,Autism Parenting Real Talk,,"Some experience their first burnout at age 6. Learn the warning signs in children (regression, meltdowns, school refusal) and adults (executive function collapse, can't mask anymore). Recovery takes time.",https://www.spectrumunlocked.com/blog/autism-parent-burnout,,
5 Autism Myths That Need to Die,https://allagilejobs-jpg.github.io/SU/content/pinterest/pin-16-autism-myths.png,Autism Parenting Real Talk,,"You've probably believed at least one. Vaccines don't cause autism. Autistic people DO have empathy. There's no ""autistic look."" Girls get it too. And no, they won't ""grow out of it."" Education fights stigma.",https://www.spectrumunlocked.com/,,
Acceptance vs Awareness: Why Language Matters,https://allagilejobs-jpg.github.io/SU/content/pinterest/pin-17-acceptance-vs-awareness.png,Autism Parenting Real Talk,,"The autism community moved on from awareness. Awareness says ""I see you."" Acceptance says ""I welcome you."" Learn the difference and why gold (not blue) is now preferred. Language shapes attitudes.",https://www.spectrumunlocked.com/blog/autism-acceptance-month-2026,,
Late-Diagnosed Autism: 450% Increase,https://allagilejobs-jpg.github.io/SU/content/pinterest/pin-18-late-diagnosis.png,Autism Parenting Real Talk,,"Most are women. They were missed because diagnostic criteria was based on boys, they masked better socially, and got misdiagnosed as anxious. Signs that lead to late diagnosis and ""what if everything finally made sense?""",https://www.spectrumunlocked.com/,,
Feeding Challenges in Autistic Kids: Beyond Picky Eating,https://allagilejobs-jpg.github.io/SU/content/pinterest/pin-19-feeding-challenges.png,Autism Resources for Parents,,"It's not defiance. It's sensory. Texture sensitivity, smell overwhelm, brand consistency matters. What helps (same plate, foods not touching) and what to avoid (""just try one bite""). Chicken nuggets are keeping your kid alive.",https://www.spectrumunlocked.com/blog/autism-picky-eating,,
Autism in Teens: Puberty Changes Everything,https://allagilejobs-jpg.github.io/SU/content/pinterest/pin-20-autism-teens.png,Autism Parenting Real Talk,,"Body changes hit different, social gaps widen, identity questions intensify, school demands increase, and mental health risks rise. How to support your autistic teen through adolescence.",https://www.spectrumunlocked.com/start-here/parents-of-teens,,
Traveling with an Autistic Child: Complete Guide,https://allagilejobs-jpg.github.io/SU/content/pinterest/pin-21-travel-autism.png,Autism Resources for Parents,,"Yes, you can do this. Airport hacks (TSA Cares, pre-boarding), hotel tips (quiet rooms, familiar bedding), packing essentials (safe snacks, comfort items), and prep strategies. Theme parks offer disability passes!",https://www.spectrumunlocked.com/,,
Summer Camps for Autistic Kids: Complete Guide,https://allagilejobs-jpg.github.io/SU/content/pinterest/pin-22-summer-camps.png,Autism Resources for Parents,,"Types of camps (autism-specific, inclusive, virtual), questions to ask (staff ratio, training, sensory spaces), red flags (""we treat everyone the same""), and green flags (welcomes parent input). Start planning now.",https://www.spectrumunlocked.com/,,
Building Friendships: Social Support for Autistic Kids,https://allagilejobs-jpg.github.io/SU/content/pinterest/pin-23-building-friendships.png,Autism Parenting Real Talk,,"Friendship looks different for autistic kids. Parallel play, bonding over shared interests, online friendships count. What to do (interest-based activities, structured playdates) and what to avoid (forcing eye contact, surprise events).",https://www.spectrumunlocked.com/,,
School Accommodations Beyond the IEP,https://allagilejobs-jpg.github.io/SU/content/pinterest/pin-24-school-accommodations.png,IEP Tips & School Advocacy,,"You can ask for more than you think. Sensory (headphones, fidgets), timing (extended time, breaks), transitions (early release, visual schedule), academic (typed vs written), social (lunch buddy), and communication supports.",https://www.spectrumunlocked.com/blog/first-iep-meeting-checklist,,
The ABA Controversy: What Parents Need to Know,https://allagilejobs-jpg.github.io/SU/content/pinterest/pin-25-aba-controversy.png,Autism Resources for Parents,,"Both sides so YOU can decide. Concerns: teaching masking, intensive hours, targeting stims. Defenses: modern ABA evolved, play-based approaches exist. Questions to ask: Do you allow stimming? How do you handle ""no""?",https://www.spectrumunlocked.com/blog/autism-therapy-types-explained,,
